,accuracy,precision,recall,f1
ViT,0.11545961002785515,0.1326682459478651,0.11545961002785515,0.11918863340871748
MedGemma,0.12284122562674095,0.14076487559600095,0.12284122562674095,0.12685508008709595
