{
    "ViT": {
        "accuracy": 0.11545961002785515,
        "precision": 0.1326682459478651,
        "recall": 0.11545961002785515,
        "f1": 0.11918863340871748
    },
    "MedGemma": {
        "accuracy": 0.12284122562674095,
        "precision": 0.14076487559600095,
        "recall": 0.12284122562674095,
        "f1": 0.12685508008709595
    }
}